id,first_name,last_name,email,gender,ip_address
1,Bryan,Challicombe,bchallicombe0@com.com,Male,44.191.53.210
2,Colan,Coen,ccoen1@t-online.de,Male,251.199.165.3
3,Ollie,Francescuzzi,ofrancescuzzi2@unesco.org,Female,120.65.21.41
4,Boot,Gerriets,bgerriets3@geocities.com,Non-binary,50.108.255.3
5,Vernen,Broderick,vbroderick4@people.com.cn,Male,2.150.45.176
6,Florette,Tordoff,ftordoff5@ycombinator.com,Female,177.101.168.205
7,Deirdre,Andrysek,dandrysek6@com.com,Female,80.189.144.50
8,Lindie,Kennion,lkennion7@unicef.org,Female,52.5.255.200
9,Artus,Arnald,aarnald8@issuu.com,Male,178.113.248.253
10,Athene,Borrington,aborrington9@yahoo.co.jp,Female,36.62.22.144
